Object Name,Institution,UID,Object metadata link,Permanent Object URL (item landing page),Image id,Image URL,Collections Page URL
"Squid Beak (Architeuthis dux Steenstrup, 1857)",NHM,,,http://data.nhm.ac.uk/object/e865b75e-2047-4909-91be-ced250750da4,,http://www.nhm.ac.uk/services/media-store/asset/16f378c9711b6124d2cd4c81db1866374fc8afcc/contents/preview,
Mourning ring,V&A,O125932,http://www.vam.ac.uk/api/json/museumobject/O125932,http://collections.vam.ac.uk/item/O125932,2007BM5733,http://media.vam.ac.uk/media/thira/collection_images/2007BM/2007BM5733_jpg_l.jpg,
Locket,V&A,O122844,http://www.vam.ac.uk/api/json/museumobject/O122844,http://collections.vam.ac.uk/item/O122844,2006BH1276,http://media.vam.ac.uk/media/thira/collection_images/2006BH/2006BH1276_jpg_l.jpg,
Puppet,V&A,O1263023,http://www.vam.ac.uk/api/json/museumobject/O1263023,http://collections.vam.ac.uk/item/O1263023,2013GL4642,http://media.vam.ac.uk/media/thira/collection_images/2013GL/2013GL4642_jpg_l.jpg,
Lost drone,V&A,O1300398,http://www.vam.ac.uk/api/json/museumobject/O1300398,http://collections.vam.ac.uk/item/O1300398,2014HG6973,http://media.vam.ac.uk/media/thira/collection_images/2014HG/2014HG6973_jpg_l.jpg,
Qui a le droit? (wedding dress),V&A,O164668,http://www.vam.ac.uk/api/json/museumobject/O164668,http://collections.vam.ac.uk/item/O164668,2011ER7596,http://media.vam.ac.uk/media/thira/collection_images/2011ER/2011ER7596_jpg_l.jpg,
Angler fish,NHM,,,http://data.nhm.ac.uk/object/8fb3572c-33b1-4a45-864b-13f4542b8f1a,,http://www.nhm.ac.uk/services/media-store/asset/fb857d92d6e82c4f12491f7e04552a7df5fc36be/contents/preview,
Tomb Paintings of the Nebamun,BM,YCA55433,,http://collection.britishmuseum.org/id/object/YCA55433,,http://www.britishmuseum.org/collectionimages/AN00242/AN00242652_001_l.jpg,
Hawk moth,NHM,,,http://data.nhm.ac.uk/object/e865b75e-2047-4909-91be-ced250750da4,,,
Human mummy,BM,EA32751,,http://collection.britishmuseum.org/id/object/YCA62944,,http://www.britishmuseum.org/collectionimages/AN00035/AN00035533_001_l.jpg,http://www.britishmuseum.org/research/collection_online/collection_object_details.aspx?objectId=117645&partId=1
Stag Beetle,NHM,,,http://data.nhm.ac.uk/object/291cf2f4-c2c9-4c3a-adb3-46adc8c07a8d,,http://www.nhm.ac.uk/services/media-store/asset/f5b98ccabad17463331695846b7fe0e23914f50e/contents/preview,
Shiny Bee,NHM,,,http://data.nhm.ac.uk/object/9c012f49-a825-4ca7-9cf4-d12102fc8035,,http://www.nhm.ac.uk/services/media-store/asset/089b2655437b8a3151a2337c59842d406f6551cc/contents/preview,
Sutton Hoo Helmet,BM,MCS16604,,http://collection.britishmuseum.org/id/object/MCS16604,http://www.britishmuseum.org/collectionimages/AN00035/AN00035172_001_l.jpg,http://www.britishmuseum.org/collectionimages/AN00035/AN00035172_001_l.jpg,http://www.britishmuseum.org/research/collection_online/collection_object_details.aspx?objectId=86159&partId=1&searchText=sutton+hoo+helmet&page=1
Easter Island stature photograph,BM,EPF110934,,http://collection.britishmuseum.org/id/object/EPF110934,,http://www.britishmuseum.org/collectionimages/AN00609/AN00609207_001_l.jpg,http://www.britishmuseum.org/research/collection_online/collection_object_details.aspx?objectId=3201477&partId=1&searchText=easter+island+figure&page=1
Shiny Fly,NHM,,,http://data.nhm.ac.uk/object/1621bf34-e732-4514-9572-80ee82326678,,,
Nataraja Bronze Figure,BM,RRI1674,,http://collection.britishmuseum.org/id/object/RRI1674,,http://www.britishmuseum.org/collectionimages/AN00945/AN00945666_001_l.jpg,http://www.britishmuseum.org/research/collection_online/collection_object_details.aspx?objectId=181996&partId=1&searchText=shiva&page=1
Roman Coin,BM,CGR116516,,http://collection.britishmuseum.org/id/object/CGR116516,,http://www.britishmuseum.org/collectionimages/AN01313/AN01313275_001_l.jpg,http://www.britishmuseum.org/research/collection_online/collection_object_details.aspx?objectId=3597&partId=1&searchText=roman+coins&page=1
"Poster, Peter Kennard",V&A,O93320,http://www.vam.ac.uk/api/json/museumobject/O93320,http://collections.vam.ac.uk/item/O93320/poster-kennard-peter-lawrence/,2006AF3340,http://media.vam.ac.uk/media/thira/collection_images/2006AF/2006AF3340_jpg_l.jpg,
The Almain Armourer's Album,V&A,O169066,http://www.vam.ac.uk/api/json/museumobject/O169066,http://collections.vam.ac.uk/item/O169066/the-almain-armourers-album-armour-design-halder-jacob/,2006AV8277,http://media.vam.ac.uk/media/thira/collection_images/2006AV/2006AV8277_jpg_l.jpg,
Gold Nugget,NHM,,,http://data.nhm.ac.uk/object/b9e4603f-8a20-45bb-9573-2fbc47d0701f,,,
Diamond,NHM,,,http://data.nhm.ac.uk/object/7563b3dd-c3a2-49e7-99fd-dfa210100ff6,,,
Dinosaur Skull,NHM,,,http://data.nhm.ac.uk/object/d9ee4472-a4e8-4818-9053-31f0c5521c12,,http://www.nhm.ac.uk/services/media-store/asset/1ab97c27f79bb2a1aae868c53560898c82ee0d43/contents/preview,
Pair of shoes,V&A,O74216,http://www.vam.ac.uk/api/json/museumobject/O74216,http://collections.vam.ac.uk/item/O74216/pair-of-shoes-de-havilland-terry/,2006AX6028,http://media.vam.ac.uk/media/thira/collection_images/2006AX/2006AX6028_jpg_l.jpg,
Kanga Cloth,BM,EAF64798,,http://collection.britishmuseum.org/id/object/EAF64798,,http://www.britishmuseum.org/collectionimages/AN00711/AN00711170_001_l.jpg,http://www.britishmuseum.org/research/collection_online/collection_object_details.aspx?objectId=1402464&partId=1&place=40703&object=8964&page=1
Roman Wall Painting,BM,GAA1016,,http://collection.britishmuseum.org/id/object/GAA1016,,http://www.britishmuseum.org/collectionimages/AN00034/AN00034579_001_l.jpg,http://www.britishmuseum.org/research/collection_online/collection_object_details.aspx?objectId=466296&partId=1&place=35011|34970&plaA=34970-3-1|35011-3-1&sortBy=imageName&page=1
Roman bracelet,BM,GAA1026,,http://collection.britishmuseum.org/id/object/GAA1026,,http://www.britishmuseum.org/collectionimages/AN00147/AN00147126_001_l.jpg,http://www.britishmuseum.org/research/collection_online/collection_object_details.aspx?objectId=466286&partId=1&place=35011|34970&plaA=34970-3-1|35011-3-1&sortBy=imageName&page=1
Yuan Dynasty Vase,BM,RRC38621,,http://collection.britishmuseum.org/id/object/RRC38621,,http://www.britishmuseum.org/collectionimages/AN00536/AN00536453_001_l.jpg,http://www.britishmuseum.org/research/collection_online/collection_object_details.aspx?objectId=3179870&partId=1&people=162439&page=1
Trilobites,NHM,,,http://data.nhm.ac.uk/object/8702a46e-fca7-438c-b9f1-65d71817d096,,http://www.nhm.ac.uk/services/media-store/asset/97d9c28f928c7c4c9b5c273401e0ce84fed39712/contents/preview,
temnospondyl amphibian,NHM,,,http://data.nhm.ac.uk/object/2dc1b869-3655-4daf-a0fc-7eb83e7e8d4d,,http://www.nhm.ac.uk/services/media-store/asset/f2a88555d7a87cd92e4d7a6d390a5d382465c729/contents/preview,
Japanese Head Guard,BM,EAS21231,,http://collection.britishmuseum.org/id/object/EAS21231,,http://www.britishmuseum.org/collectionimages/AN00702/AN00702289_001_l.jpg,http://www.britishmuseum.org/research/collection_online/collection_object_details.aspx?objectId=556253&partId=1&searchText=japan&page=6
Gion Matsuri Print,BM,JCF11617,,http://collection.britishmuseum.org/id/object/JCF11617,,http://www.britishmuseum.org/collectionimages/AN00233/AN00233184_001_l.jpg,http://www.britishmuseum.org/research/collection_online/collection_object_details.aspx?objectId=778861&partId=1&searchText=japan&page=9
David,V&A,O39861,http://www.vam.ac.uk/api/json/museumobject/O39861,http://collections.vam.ac.uk/item/O39861/david-plaster-cast-michelangelo/,2010EA6470,http://media.vam.ac.uk/media/thira/collection_images/2010EA/2010EA6470_jpg_l.jpg,
Crystal Skull,BM,ESA7549,,http://collection.britishmuseum.org/id/object/ESA7549,,http://www.britishmuseum.org/collectionimages/AN00020/AN00020718_001_l.jpg,http://www.britishmuseum.org/research/collection_online/collection_object_details.aspx?objectId=662974&partId=1&searchText=mexico+crystal+skull&page=1
Turquoise Mosaic Snake,BM,ESA6789,,http://collection.britishmuseum.org/id/object/ESA6789,,http://www.britishmuseum.org/collectionimages/AN00480/AN00480477_001_l.jpg,http://www.britishmuseum.org/research/collection_online/collection_object_details.aspx?objectId=663692&partId=1&searchText=turquoise+mosaic&page=1
Pretty Shell,NHM,,,http://data.nhm.ac.uk/object/8bbcd60d-d0fa-40bc-aa54-648bdcb8321f,,,
Lewis Chessman,BM,MCM865,,http://collection.britishmuseum.org/id/object/MCM865,,http://www.britishmuseum.org/collectionimages/AN00285/AN00285974_001_l.jpg,http://www.britishmuseum.org/research/collection_online/collection_object_details.aspx?objectId=408&partId=1&searchText=lewis+chessmen&page=1
Ring,V&A,O146752,http://www.vam.ac.uk/api/json/museumobject/O146752,http://collections.vam.ac.uk/item/O146752/ring-unknown/,007BN0517,http://media.vam.ac.uk/media/thira/collection_images/007BN0/007BN0517_jpg_l.jpg,
"Poster, Keith Haring",V&A,O225883,http://www.vam.ac.uk/api/json/museumobject/O225883,http://collections.vam.ac.uk/item/O225883/poster-haring-keith/,2016JF6014,http://media.vam.ac.uk/media/thira/collection_images/2016JF/2016JF6014_jpg_l.jpg,
Bolivian Mask,BM,ESA31630,,http://collection.britishmuseum.org/id/object/ESA31630,,http://www.britishmuseum.org/collectionimages/AN00841/AN00841276_001_l.jpg,http://www.britishmuseum.org/research/collection_online/collection_object_details.aspx?objectId=642350&partId=1&searchText=africa+mask&page=1
Bed of Ware,V&A,O9138,http://www.vam.ac.uk/api/json/museumobject/O9138,http://collections.vam.ac.uk/item/O9138/great-bed-of-ware-bed-vredeman-de-vries/,2006AL3614,http://media.vam.ac.uk/media/thira/collection_images/2006AL/2006AL3614_jpg_l.jpg,
Nice Fern,NHM,,,http://data.nhm.ac.uk/object/8fc8b663-df07-49ab-96a6-bd5f6605c209,,http://www.nhm.ac.uk/services/media-store/asset/2f4c8fa17cf95a854bebe7ae1d11d409921f7126/contents/preview,
The Virgin of Sorrows bust,V&A,O70476,http://www.vam.ac.uk/api/json/museumobject/O70476,http://collections.vam.ac.uk/item/O70476/the-virgin-of-sorrows-bust-mora-jose-de/,2012FV1177,http://media.vam.ac.uk/media/thira/collection_images/2012FV/2012FV1177_jpg_l.jpg,
Islamic Seal,BM,RRM33131,,http://collection.britishmuseum.org/id/object/RRM33131,,http://www.britishmuseum.org/collectionimages/AN00011/AN00011200_001_l.jpg,http://www.britishmuseum.org/research/collection_online/collection_object_details.aspx?objectId=1354429&partId=1&searchText=iran&page=2
Coptic Stela,BM,YCA56150,,http://collection.britishmuseum.org/id/object/YCA56150,,http://www.britishmuseum.org/collectionimages/AN00145/AN00145659_001_l.jpg,http://www.britishmuseum.org/research/collection_online/collection_object_details.aspx?objectId=124198&partId=1&searchText=coptic+cross&page=1
Difflugia pyriformis,NHM,,,http://data.nhm.ac.uk/dataset/collection-artefacts/resource/ec61d82a-748d-4b53-8e99-3e708e76bc4d/record/66,,http://www.nhm.ac.uk/services/media-store/asset/04114a1bcb363cf39b3724569351eb7cb352e887/contents/preview,
Ethiopian Processional Cross,BM,EAF60499,,http://collection.britishmuseum.org/id/object/EAF60499,,http://www.britishmuseum.org/collectionimages/AN00467/AN00467111_001_l.jpg,http://www.britishmuseum.org/research/collection_online/collection_object_details.aspx?objectId=578962&partId=1&searchText=throne+of+guns&page=1
Phonograph,SM,Y2006.24.1,,http://collection.sciencemuseum.org.uk/objects/co8413764/phonograph-phonograph,,http://smgco-images.s3.amazonaws.com/media/I/A/A/medium_cd0286_021_070420_2006_24_Edison_standard_phonograph.jpg,
Octopus,NHM,,,http://data.nhm.ac.uk/dataset/collection-artefacts/resource/ec61d82a-748d-4b53-8e99-3e708e76bc4d/record/72,,http://www.nhm.ac.uk/services/media-store/asset/8e2eab7f0009e99fdfa4fdb75ceff3734cfded69/contents/preview,
Spanish Civil War poster,V&A,O105791,http://www.vam.ac.uk/api/json/museumobject/O105791,http://collections.vam.ac.uk/item/O105791/spanish-civil-war-poster-poster-bardasano-jose/,2006BB3114,http://media.vam.ac.uk/media/thira/collection_images/2006BB/2006BB3114_jpg_l.jpg,
Qing Dynasty Figure,BM,RRC3604,,http://collection.britishmuseum.org/id/object/RRC3604,,http://www.britishmuseum.org/collectionimages/AN00236/AN00236565_001_l.jpg,http://www.britishmuseum.org/research/collection_online/collection_object_details.aspx?objectId=262917&partId=1&searchText=throne&images=true&page=1
Painting of Gauri,BM,RFI83,,,,,
Penny Farthing bicycle,SM,Y2005.19.2,,http://collection.sciencemuseum.org.uk/objects/co8421051/penny-farthing-bicycle-bicycle,,,
artificial arm,SM,A602817,,http://collection.sciencemuseum.org.uk/objects/co8087297/artificial-left-arm-europe-1850-1910-artificial-arm,,,
Merman,SM,A104048,,http://collection.sciencemuseum.org.uk/objects/co143774/merman-javanese-or-dutch-1801-1900-human-remains-chimera,,,
MRI Jedi Helmet,SM,,,http://collection.sciencemuseum.org.uk/objects/co8091205/jedi-helmet-used-with-cryogenic-magnetic-resonance-imaging-machine-component-object-jedi-helmet,,,